<beans xmlns="http://www.springframework.org/schema/beans"
    xmlns:xsi="http://www.w3.org/2001/XMLSchema-instance"
    xmlns:context="http://www.springframework.org/schema/context"
    xmlns:mvc="http://www.springframework.org/schema/mvc"
    xmlns:aop="http://www.springframework.org/schema/aop"
    xmlns:tx="http://www.springframework.org/schema/tx"
    xsi:schemaLocation="http://www.springframework.org/schema/beans
    http://www.springframework.org/schema/beans/spring-beans-3.0.xsd
    http://www.springframework.org/schema/aop
    http://www.springframework.org/schema/aop/spring-aop-3.0.xsd
    http://www.springframework.org/schema/mvc
    http://www.springframework.org/schema/mvc/spring-mvc-3.0.xsd
    http://www.springframework.org/schema/tx 
    http://www.springframework.org/schema/tx/spring-tx-3.0.xsd       
    http://www.springframework.org/schema/context
    http://www.springframework.org/schema/context/spring-context-3.0.xsd">

   <context:component-scan base-package="com.gcu" />
   <context:annotation-config/>
   <mvc:annotation-driven />
   
   <mvc:resources mapping="/resources/**" location="/WEB-INF/resources/"/>
 	<!-- Tiles View Resolver -->
  	<bean id="viewResolver" class="org.springframework.web.servlet.view.tiles3.TilesViewResolver"/>
 	<bean id="tilesConfigurer" class="org.springframework.web.servlet.view.tiles3.TilesConfigurer">
		<property name="definitions">
			<list>
				<value>/WEB-INF/layouts/layouts.xml</value>
				<value>/WEB-INF/layouts/views.xml</value>
			</list>
		</property>
	</bean>
	
	  <!-- MySQL Datasource -->
    <bean id="dataSource" destroy-method="close" class="org.apache.commons.dbcp2.BasicDataSource">
        <property name="driverClassName" value="com.mysql.jdbc.Driver" />
        <property name="url" value="jdbc:mysql://localhost:3307/cst341" />
        <property name="username" value="root" />
        <property name="password" value="Chihaiis02" />
    </bean>
       <!-- Setup Transaction Manager -->
    <aop:config>
        <aop:pointcut id="allServiceMethods" expression="execution(* com.gcu.business.*Interface.*(..))" />
        <aop:advisor advice-ref="txAdvice" pointcut-ref="allServiceMethods" />
    </aop:config>
    <bean id="txManager" class="org.springframework.jdbc.datasource.DataSourceTransactionManager">
        <property name="dataSource" ref="dataSource" />
    </bean>
    <tx:advice id="txAdvice" transaction-manager="txManager">
        <tx:attributes>
            <tx:method name="get*" read-only="true" />
            <tx:method name="find*" read-only="true" />
            <tx:method name="*" />
        </tx:attributes>
    </tx:advice>
	
	<bean id="artistDataAccessObject" class="com.gcu.dao.ArtistDataAccessObject">
		<property name="dataSource" ref="dataSource" /> 
	</bean>
	<bean id="userDataAccessObject" class="com.gcu.dao.UserDataAccessObject">
		<property name="dataSource" ref="dataSource" />
	 </bean>
	<bean id="genreDataAccessObject" class="com.gcu.dao.GenreDataAccessObject"> 
		<property name="dataSource" ref="dataSource" />
	</bean>
	<bean id="albumDataAccessObject" class="com.gcu.dao.AlbumDataAccessObject"> 
		<property name="dataSource" ref="dataSource" />
	</bean>
	
	<bean id="albumDataAccessService" class="com.gcu.business.AlbumDataAccessService"> 
		<property name="albumDataAccessObject" ref="albumDataAccessObject"/>
	</bean>
	
	<bean id="artistDataAccessService" class="com.gcu.business.ArtistDataAccessService"> 
		<property name="artistDataAccessObject" ref="artistDataAccessObject"/>
	</bean>
	
	<bean id="genreDataAccessService" class="com.gcu.business.GenreDataAccessService"> 
		<property name="genreDataAccessObject" ref="genreDataAccessObject"/>
	</bean>
	
	
	<bean id="securityService" class="com.gcu.business.UserDataAccessService">
		<property name="userDataAccessObject" ref="userDataAccessObject"/>
	</bean>
	
	<bean id="dataAccessService" class="com.gcu.business.UserDataAccessService"> 
		<property name="userDataAccessObject" ref="userDataAccessObject"/>
	</bean>
	
 	
  	<bean id="userController" class="com.gcu.controller.UserController" >
		<property name="securityService" ref="securityService"/>
		<property name="dataAccessService" ref="dataAccessService"/>
		<property name="artistDataAccessService" ref="artistDataAccessService"/>
		<property name="genreDataAccessService" ref="genreDataAccessService"/>
		<property name="albumDataAccessService" ref="albumDataAccessService"/>
	</bean>
	
	
	
   
 </beans>